"","iso_code","year","country","population","co2","co2_per_capita"
"1","ABW",2016,"Aruba",104890,0.883,8.419
"2","ABW",2017,"Aruba",105454,0.89,8.443
"3","ABW",2018,"Aruba",105980,0.872,8.228
"4","ABW",2019,"Aruba",106458,0.912,8.57
"5","ABW",2020,"Aruba",106597,0.779,7.307
"6","AFG",2016,"Afghanistan",34636212,9.068,0.262
"7","AFG",2017,"Afghanistan",35643420,9.868,0.277
"8","AFG",2018,"Afghanistan",36686788,10.818,0.295
"9","AFG",2019,"Afghanistan",37769496,11.082,0.293
"10","AFG",2020,"Afghanistan",38972236,11.682,0.3
"11","AGO",2016,"Angola",29154742,27.21,0.933
"12","AGO",2017,"Angola",30208634,24.304,0.805
"13","AGO",2018,"Angola",31273538,22.779,0.728
"14","AGO",2019,"Angola",32353592,21.818,0.674
"15","AGO",2020,"Angola",33428490,20.276,0.607
"16","AIA",2016,"Anguilla",14842,0.154,10.368
"17","AIA",2017,"Anguilla",15040,0.143,9.501
"18","AIA",2018,"Anguilla",15201,0.143,9.4
"19","AIA",2019,"Anguilla",15408,0.154,9.988
"20","AIA",2020,"Anguilla",15612,0.131,8.416
"21","ALA",2016,"Aland Islands",NA,NA,NA
"22","ALA",2017,"Aland Islands",NA,NA,NA
"23","ALA",2018,"Aland Islands",NA,NA,NA
"24","ALA",2019,"Aland Islands",NA,NA,NA
"25","ALA",2020,"Aland Islands",NA,NA,NA
"26","ALB",2016,"Albania",2881064,4.632,1.608
"27","ALB",2017,"Albania",2879361,5.564,1.932
"28","ALB",2018,"Albania",2877019,4.984,1.732
"29","ALB",2019,"Albania",2873883,4.947,1.722
"30","ALB",2020,"Albania",2866850,4.729,1.649
"31","AND",2016,"Andorra",72563,0.469,6.463
"32","AND",2017,"Andorra",73853,0.465,6.301
"33","AND",2018,"Andorra",75034,0.495,6.592
"34","AND",2019,"Andorra",76361,0.48,6.286
"35","AND",2020,"Andorra",77723,0.449,5.775
"36","ANT",2016,"Netherlands Antilles",319898,NA,NA
"37","ANT",2017,"Netherlands Antilles",321292,NA,NA
"38","ANT",2018,"Netherlands Antilles",NA,NA,NA
"39","ANT",2019,"Netherlands Antilles",NA,NA,NA
"40","ANT",2020,"Netherlands Antilles",NA,NA,NA
"41","ARE",2016,"United Arab Emirates",8994266,212.344,23.609
"42","ARE",2017,"United Arab Emirates",9068297,214.156,23.616
"43","ARE",2018,"United Arab Emirates",9140172,210.218,22.999
"44","ARE",2019,"United Arab Emirates",9211660,208.496,22.634
"45","ARE",2020,"United Arab Emirates",9287286,199.084,21.436
"46","ARG",2016,"Argentina",43668236,189.92,4.349
"47","ARG",2017,"Argentina",44054616,186.899,4.242
"48","ARG",2018,"Argentina",44413592,180.599,4.066
"49","ARG",2019,"Argentina",44745516,178.512,3.989
"50","ARG",2020,"Argentina",45036032,169.263,3.758
"51","ARM",2016,"Armenia",2865841,5.203,1.816
"52","ARM",2017,"Armenia",2851929,5.54,1.943
"53","ARM",2018,"Armenia",2836563,5.826,2.054
"54","ARM",2019,"Armenia",2820604,6.284,2.228
"55","ARM",2020,"Armenia",2805610,6.431,2.292
"56","ASM",2016,"American Samoa",50468,NA,NA
"57","ASM",2017,"American Samoa",49486,NA,NA
"58","ASM",2018,"American Samoa",48445,NA,NA
"59","ASM",2019,"American Samoa",47341,NA,NA
"60","ASM",2020,"American Samoa",46216,NA,NA
"61","ATA",2016,NA,NA,NA,NA
"62","ATA",2017,NA,NA,NA,NA
"63","ATA",2018,NA,NA,NA,NA
"64","ATA",2019,NA,NA,NA,NA
"65","ATA",2020,NA,NA,NA,NA
"66","ATG",2016,"Antigua and Barbuda",90575,0.491,5.421
"67","ATG",2017,"Antigua and Barbuda",91133,0.491,5.387
"68","ATG",2018,"Antigua and Barbuda",91644,0.498,5.437
"69","ATG",2019,"Antigua and Barbuda",92127,0.498,5.409
"70","ATG",2020,"Antigua and Barbuda",92672,0.425,4.591
"71","AUS",2016,"Australia",24195706,411.264,16.997
"72","AUS",2017,"Australia",24590336,414.358,16.85
"73","AUS",2018,"Australia",24979228,416.284,16.665
"74","AUS",2019,"Australia",25357168,416.357,16.42
"75","AUS",2020,"Australia",25670052,399.922,15.579
"76","AUT",2016,"Austria",8736491,67.211,7.693
"77","AUT",2017,"Austria",8797497,69.593,7.911
"78","AUT",2018,"Austria",8840518,66.557,7.529
"79","AUT",2019,"Austria",8879939,67.936,7.651
"80","AUT",2020,"Austria",8907780,62.037,6.964
"81","AZE",2016,"Azerbaijan",9976254,34.727,3.481
"82","AZE",2017,"Azerbaijan",10071569,34.607,3.436
"83","AZE",2018,"Azerbaijan",10152524,34.576,3.406
"84","AZE",2019,"Azerbaijan",10232761,37.738,3.688
"85","AZE",2020,"Azerbaijan",10284952,37.508,3.647
"86","BDI",2016,"Burundi",10903329,0.467,0.043
"87","BDI",2017,"Burundi",11155592,0.53,0.048
"88","BDI",2018,"Burundi",11493476,0.684,0.059
"89","BDI",2019,"Burundi",11874838,0.718,0.06
"90","BDI",2020,"Burundi",12220229,0.657,0.054
"91","BEL",2016,"Belgium",11316837,99.602,8.801
"92","BEL",2017,"Belgium",11384491,99.126,8.707
"93","BEL",2018,"Belgium",11448598,99.874,8.724
"94","BEL",2019,"Belgium",11510569,99.433,8.638
"95","BEL",2020,"Belgium",11561716,90.368,7.816
"96","BEN",2016,"Benin",11260091,6.494,0.577
"97","BEN",2017,"Benin",11596786,6.804,0.587
"98","BEN",2018,"Benin",11940688,7.434,0.623
"99","BEN",2019,"Benin",12290443,7.144,0.581
"100","BEN",2020,"Benin",12643121,7.264,0.575
"101","BES",2016,"Bonaire Sint Eustatius and Saba",23793,0.103,4.312
"102","BES",2017,"Bonaire Sint Eustatius and Saba",24392,0.103,4.206
"103","BES",2018,"Bonaire Sint Eustatius and Saba",24995,0.099,3.958
"104","BES",2019,"Bonaire Sint Eustatius and Saba",25597,0.11,4.294
"105","BES",2020,"Bonaire Sint Eustatius and Saba",26178,0.094,3.585
"106","BFA",2016,"Burkina Faso",19275504,3.904,0.203
"107","BFA",2017,"Burkina Faso",19835860,4.519,0.228
"108","BFA",2018,"Burkina Faso",20392730,4.948,0.243
"109","BFA",2019,"Burkina Faso",20951638,5.296,0.253
"110","BFA",2020,"Burkina Faso",21522632,5.389,0.25
"111","BGD",2016,"Bangladesh",159784576,76.194,0.477
"112","BGD",2017,"Bangladesh",161793968,80.731,0.499
"113","BGD",2018,"Bangladesh",163683952,82.494,0.504
"114","BGD",2019,"Bangladesh",165516224,91.657,0.554
"115","BGD",2020,"Bangladesh",167420944,90.825,0.542
"116","BGR",2016,"Bulgaria",7245982,45.484,6.277
"117","BGR",2017,"Bulgaria",7182430,47.57,6.623
"118","BGR",2018,"Bulgaria",7117424,43.616,6.128
"119","BGR",2019,"Bulgaria",7052536,42.256,5.992
"120","BGR",2020,"Bulgaria",6979181,36.967,5.297
"121","BHR",2016,"Bahrain",1409668,31.56,22.388
"122","BHR",2017,"Bahrain",1456844,32.835,22.539
"123","BHR",2018,"Bahrain",1487346,32.787,22.044
"124","BHR",2019,"Bahrain",1494195,37.814,25.307
"125","BHR",2020,"Bahrain",1477478,37.603,25.451
"126","BHS",2016,"Bahamas",395986,1.979,4.997
"127","BHS",2017,"Bahamas",399027,2.096,5.252
"128","BHS",2018,"Bahamas",401911,2.7,6.719
"129","BHS",2019,"Bahamas",404563,2.535,6.267
"130","BHS",2020,"Bahamas",406478,2.167,5.33
"131","BIH",2016,"Bosnia and Herzegovina",3480985,21.73,6.243
"132","BIH",2017,"Bosnia and Herzegovina",3440025,22.156,6.441
"133","BIH",2018,"Bosnia and Herzegovina",3400132,22.075,6.492
"134","BIH",2019,"Bosnia and Herzegovina",3360718,20.81,6.192
"135","BIH",2020,"Bosnia and Herzegovina",3318410,20.933,6.308
"136","BLR",2016,"Belarus",9708111,58.134,5.988
"137","BLR",2017,"Belarus",9707874,59.262,6.105
"138","BLR",2018,"Belarus",9695573,62.094,6.404
"139","BLR",2019,"Belarus",9673971,62.039,6.413
"140","BLR",2020,"Belarus",9633745,58.592,6.082
"141","BLZ",2016,"Belize",367327,0.623,1.696
"142","BLZ",2017,"Belize",374702,0.616,1.643
"143","BLZ",2018,"Belize",382076,0.605,1.582
"144","BLZ",2019,"Belize",389103,0.707,1.817
"145","BLZ",2020,"Belize",394931,0.615,1.556
"146","BMU",2016,"Bermuda",63090,0.619,9.815
"147","BMU",2017,"Bermuda",63295,0.63,9.957
"148","BMU",2018,"Bermuda",63591,0.703,11.063
"149","BMU",2019,"Bermuda",63833,0.583,9.127
"150","BMU",2020,"Bermuda",64051,0.497,7.766
"151","BOL",2016,"Bolivia",11263016,22.683,2.014
"152","BOL",2017,"Bolivia",11435535,23.479,2.053
"153","BOL",2018,"Bolivia",11606906,23.799,2.05
"154","BOL",2019,"Bolivia",11777318,23.239,1.973
"155","BOL",2020,"Bolivia",11936169,21.068,1.765
"156","BRA",2016,"Brazil",206859584,492.748,2.382
"157","BRA",2017,"Brazil",208504960,497.413,2.386
"158","BRA",2018,"Brazil",210166592,477.102,2.27
"159","BRA",2019,"Brazil",211782880,475.105,2.243
"160","BRA",2020,"Brazil",213196304,442.306,2.075
"161","BRB",2016,"Barbados",278660,1.324,4.75
"162","BRB",2017,"Barbados",279199,1.206,4.321
"163","BRB",2018,"Barbados",279702,1.287,4.601
"164","BRB",2019,"Barbados",280193,1.177,4.201
"165","BRB",2020,"Barbados",280704,1.022,3.639
"166","BRN",2016,"Brunei",426001,7.633,17.918
"167","BRN",2017,"Brunei",430290,9.309,21.635
"168","BRN",2018,"Brunei",434283,9.344,21.517
"169","BRN",2019,"Brunei",438058,10.488,23.941
"170","BRN",2020,"Brunei",441736,10.553,23.89
"171","BTN",2016,"Bhutan",749764,1.153,1.537
"172","BTN",2017,"Bhutan",756130,1.239,1.639
"173","BTN",2018,"Bhutan",762104,1.349,1.771
"174","BTN",2019,"Bhutan",767467,1.447,1.886
"175","BTN",2020,"Bhutan",772512,1.5,1.941
"176","BWA",2016,"Botswana",2352419,6.348,2.699
"177","BWA",2017,"Botswana",2401848,7.077,2.947
"178","BWA",2018,"Botswana",2451411,7.504,3.061
"179","BWA",2019,"Botswana",2499705,6.782,2.713
"180","BWA",2020,"Botswana",2546404,6.259,2.458
"181","CAF",2016,"Central African Republic",4904182,0.198,0.04
"182","CAF",2017,"Central African Republic",4996741,0.216,0.043
"183","CAF",2018,"Central African Republic",5094795,0.22,0.043
"184","CAF",2019,"Central African Republic",5209329,0.227,0.044
"185","CAF",2020,"Central African Republic",5343024,0.214,0.04
"186","CAN",2016,"Canada",36113532,560.525,15.521
"187","CAN",2017,"Canada",36554344,571.545,15.635
"188","CAN",2018,"Canada",37035260,584.369,15.779
"189","CAN",2019,"Canada",37522584,584.714,15.583
"190","CAN",2020,"Canada",37888704,534.864,14.117
"191","CHE",2016,"Switzerland",8372902,39.185,4.68
"192","CHE",2017,"Switzerland",8451688,38.179,4.517
"193","CHE",2018,"Switzerland",8514431,36.874,4.331
"194","CHE",2019,"Switzerland",8575593,36.733,4.283
"195","CHE",2020,"Switzerland",8638609,34.241,3.964
"196","CHL",2016,"Chile",18083880,84.243,4.658
"197","CHL",2017,"Chile",18368582,84.075,4.577
"198","CHL",2018,"Chile",18701452,84.469,4.517
"199","CHL",2019,"Chile",19039484,91.962,4.83
"200","CHL",2020,"Chile",19300318,83.834,4.344
"201","CHN",2016,"China",1401889664,9764.979,6.966
"202","CHN",2017,"China",1410275968,10011.107,7.099
"203","CHN",2018,"China",1417069440,10353.877,7.307
"204","CHN",2019,"China",1421864064,10740.996,7.554
"205","CHN",2020,"China",1424929792,10956.213,7.689
"206","CIV",2016,"Cote d'Ivoire",24213620,11.983,0.495
"207","CIV",2017,"Cote d'Ivoire",24848024,12.002,0.483
"208","CIV",2018,"Cote d'Ivoire",25493990,10.352,0.406
"209","CIV",2019,"Cote d'Ivoire",26147544,10.535,0.403
"210","CIV",2020,"Cote d'Ivoire",26811792,10.964,0.409
"211","CMR",2016,"Cameroon",23711626,9.943,0.419
"212","CMR",2017,"Cameroon",24393182,9.594,0.393
"213","CMR",2018,"Cameroon",25076752,9.634,0.384
"214","CMR",2019,"Cameroon",25782342,9.505,0.369
"215","CMR",2020,"Cameroon",26491090,9.007,0.34
"216","COD",2016,"Democratic Republic of Congo",81430976,2.014,0.025
"217","COD",2017,"Democratic Republic of Congo",84283272,2.474,0.029
"218","COD",2018,"Democratic Republic of Congo",87087352,2.472,0.028
"219","COD",2019,"Democratic Republic of Congo",89906896,2.605,0.029
"220","COD",2020,"Democratic Republic of Congo",92853168,2.483,0.027
"221","COG",2016,"Congo",5186830,5.81,1.12
"222","COG",2017,"Congo",5312347,5.702,1.073
"223","COG",2018,"Congo",5441061,6.596,1.212
"224","COG",2019,"Congo",5570736,7.341,1.318
"225","COG",2020,"Congo",5702183,7.53,1.321
"226","COK",2016,"Cook Islands",17572,0.073,4.17
"227","COK",2017,"Cook Islands",17417,0.081,4.628
"228","COK",2018,"Cook Islands",17276,0.081,4.666
"229","COK",2019,"Cook Islands",17133,0.084,4.919
"230","COK",2020,"Cook Islands",17050,0.089,5.217
"231","COL",2016,"Colombia",47625960,98.731,2.073
"232","COL",2017,"Colombia",48351668,79.688,1.648
"233","COL",2018,"Colombia",49276968,82.427,1.673
"234","COL",2019,"Colombia",50187404,96.438,1.922
"235","COL",2020,"Colombia",50930656,85.526,1.679
"236","COM",2016,"Comoros",746239,0.216,0.29
"237","COM",2017,"Comoros",761672,0.267,0.351
"238","COM",2018,"Comoros",776322,0.293,0.378
"239","COM",2019,"Comoros",790993,0.311,0.394
"240","COM",2020,"Comoros",806168,0.282,0.35
"241","CPV",2016,"Cape Verde",558399,0.539,0.965
"242","CPV",2017,"Cape Verde",564959,0.579,1.025
"243","CPV",2018,"Cape Verde",571209,0.583,1.02
"244","CPV",2019,"Cape Verde",577037,0.612,1.06
"245","CPV",2020,"Cape Verde",582646,0.625,1.073
"246","CRI",2016,"Costa Rica",4945205,8.003,1.618
"247","CRI",2017,"Costa Rica",4993849,8.198,1.642
"248","CRI",2018,"Costa Rica",5040738,8.229,1.633
"249","CRI",2019,"Costa Rica",5084527,8.054,1.584
"250","CRI",2020,"Costa Rica",5123107,7.082,1.382
"251","CUB",2016,"Cuba",11342012,28.259,2.492
"252","CUB",2017,"Cuba",11336405,25.219,2.225
"253","CUB",2018,"Cuba",11328243,22.631,1.998
"254","CUB",2019,"Cuba",11316699,22.842,2.018
"255","CUB",2020,"Cuba",11300695,19.732,1.746
"256","CUW",2016,"Curacao",170752,5.8,33.968
"257","CUW",2017,"Curacao",171543,4.595,26.784
"258","CUW",2018,"Curacao",184734,3.979,21.54
"259","CUW",2019,"Curacao",193119,1.96,10.15
"260","CUW",2020,"Curacao",189298,1.674,8.841
"261","CXR",2016,NA,NA,NA,NA
"262","CXR",2017,NA,NA,NA,NA
"263","CXR",2018,NA,NA,NA,NA
"264","CXR",2019,NA,NA,NA,NA
"265","CXR",2020,NA,NA,NA,NA
"266","CYP",2016,"Cyprus",1197889,7.375,6.157
"267","CYP",2017,"Cyprus",1208527,7.525,6.227
"268","CYP",2018,"Cyprus",1218834,7.343,6.024
"269","CYP",2019,"Cyprus",1228840,7.343,5.976
"270","CYP",2020,"Cyprus",1237540,7.27,5.874
"271","CZE",2016,"Czechia",10527584,106.656,10.131
"272","CZE",2017,"Czechia",10531315,107.748,10.231
"273","CZE",2018,"Czechia",10534598,106.338,10.094
"274","CZE",2019,"Czechia",10536876,101.013,9.587
"275","CZE",2020,"Czechia",10530951,91.854,8.722
"276","DEU",2016,"Germany",82331432,800.34,9.721
"277","DEU",2017,"Germany",82624368,785.616,9.508
"278","DEU",2018,"Germany",82896696,754.408,9.101
"279","DEU",2019,"Germany",83148144,707.15,8.505
"280","DEU",2020,"Germany",83328992,639.381,7.673
"281","DJI",2016,"Djibouti",1023269,0.38,0.371
"282","DJI",2017,"Djibouti",1040242,0.392,0.377
"283","DJI",2018,"Djibouti",1057204,0.385,0.364
"284","DJI",2019,"Djibouti",1073999,0.393,0.366
"285","DJI",2020,"Djibouti",1090162,0.363,0.333
"286","DMA",2016,"Dominica",70098,0.18,2.561
"287","DMA",2017,"Dominica",70422,0.161,2.289
"288","DMA",2018,"Dominica",70840,0.161,2.276
"289","DMA",2019,"Dominica",71446,0.169,2.359
"290","DMA",2020,"Dominica",72011,0.144,1.998
"291","DNK",2016,"Denmark",5706856,37.033,6.489
"292","DNK",2017,"Denmark",5737286,34.78,6.062
"293","DNK",2018,"Denmark",5766689,34.725,6.022
"294","DNK",2019,"Denmark",5795879,30.955,5.341
"295","DNK",2020,"Denmark",5825638,28.282,4.855
"296","DOM",2016,"Dominican Republic",10527589,24.645,2.341
"297","DOM",2017,"Dominican Republic",10647247,24.017,2.256
"298","DOM",2018,"Dominican Republic",10765532,25.756,2.392
"299","DOM",2019,"Dominican Republic",10881886,28.358,2.606
"300","DOM",2020,"Dominican Republic",10999668,26.38,2.398
"301","DZA",2016,"Algeria",40339328,158.748,3.935
"302","DZA",2017,"Algeria",41136548,166.411,4.045
"303","DZA",2018,"Algeria",41927008,173.912,4.148
"304","DZA",2019,"Algeria",42705372,179.505,4.203
"305","DZA",2020,"Algeria",43451668,172.504,3.97
"306","ECU",2016,"Ecuador",16439588,40.178,2.444
"307","ECU",2017,"Ecuador",16696947,40.076,2.4
"308","ECU",2018,"Ecuador",17015672,38.245,2.248
"309","ECU",2019,"Ecuador",17343742,40.264,2.322
"310","ECU",2020,"Ecuador",17588596,34.457,1.959
"311","EGY",2016,"Egypt",99784032,239.386,2.399
"312","EGY",2017,"Egypt",101789384,260.111,2.555
"313","EGY",2018,"Egypt",103740768,243.908,2.351
"314","EGY",2019,"Egypt",105618672,256.14,2.425
"315","EGY",2020,"Egypt",107465128,235.82,2.194
"316","ERI",2016,"Eritrea",3365288,0.645,0.192
"317","ERI",2017,"Eritrea",3396933,0.704,0.207
"318","ERI",2018,"Eritrea",3445380,0.83,0.241
"319","ERI",2019,"Eritrea",3498819,0.855,0.245
"320","ERI",2020,"Eritrea",3555869,0.783,0.22
"321","ESH",2016,"Western Sahara",505461,NA,NA
"322","ESH",2017,"Western Sahara",518867,NA,NA
"323","ESH",2018,"Western Sahara",532011,NA,NA
"324","ESH",2019,"Western Sahara",544883,NA,NA
"325","ESH",2020,"Western Sahara",556060,NA,NA
"326","ESP",2016,"Spain",46473320,261.228,5.621
"327","ESP",2017,"Spain",46584168,275.053,5.904
"328","ESP",2018,"Spain",46792044,270.052,5.771
"329","ESP",2019,"Spain",47131372,251.825,5.343
"330","ESP",2020,"Spain",47363808,213.34,4.504
"331","EST",2016,"Estonia",1315928,17.559,13.344
"332","EST",2017,"Estonia",1317550,18.762,14.24
"333","EST",2018,"Estonia",1322146,17.935,13.565
"334","EST",2019,"Estonia",1327039,12.38,9.329
"335","EST",2020,"Estonia",1329449,9.343,7.028
"336","ETH",2016,"Ethiopia",105293232,14.347,0.136
"337","ETH",2017,"Ethiopia",108197944,15.549,0.144
"338","ETH",2018,"Ethiopia",111129440,15.808,0.142
"339","ETH",2019,"Ethiopia",114120592,18.298,0.16
"340","ETH",2020,"Ethiopia",117190920,17.041,0.145
"341","FIN",2016,"Finland",5495217,47.182,8.586
"342","FIN",2017,"Finland",5508146,44.578,8.093
"343","FIN",2018,"Finland",5515465,45.796,8.303
"344","FIN",2019,"Finland",5521539,42.382,7.676
"345","FIN",2020,"Finland",5529468,37.596,6.799
"346","FJI",2016,"Fiji",918371,1.176,1.281
"347","FJI",2017,"Fiji",919022,1.308,1.423
"348","FJI",2018,"Fiji",919002,1.356,1.475
"349","FJI",2019,"Fiji",918472,1.359,1.48
"350","FJI",2020,"Fiji",920430,1.431,1.554
"351","FLK",2016,"Falkland Islands",3527,NA,NA
"352","FLK",2017,"Falkland Islands",3619,NA,NA
"353","FLK",2018,"Falkland Islands",3674,NA,NA
"354","FLK",2019,"Falkland Islands",3729,NA,NA
"355","FLK",2020,"Falkland Islands",3764,NA,NA
"356","FRA",2016,"France",63989320,334.44,5.226
"357","FRA",2017,"France",64144092,337.458,5.261
"358","FRA",2018,"France",64277812,322.527,5.018
"359","FRA",2019,"France",64399760,316.387,4.913
"360","FRA",2020,"France",64480052,280.032,4.343
"361","FRO",2016,"Faeroe Islands",49523,0.63,12.726
"362","FRO",2017,"Faeroe Islands",50259,0.707,14.07
"363","FRO",2018,"Faeroe Islands",50978,0.725,14.231
"364","FRO",2019,"Faeroe Islands",51708,0.74,14.314
"365","FRO",2020,"Faeroe Islands",52440,0.692,13.199
"366","FSM",2016,"Micronesia (country)",109934,0.143,1.3
"367","FSM",2017,"Micronesia (country)",110441,0.143,1.294
"368","FSM",2018,"Micronesia (country)",110945,0.143,1.288
"369","FSM",2019,"Micronesia (country)",111392,0.147,1.316
"370","FSM",2020,"Micronesia (country)",112119,0.155,1.38
"371","GAB",2016,"Gabon",2086210,6.522,3.126
"372","GAB",2017,"Gabon",2140225,6.286,2.937
"373","GAB",2018,"Gabon",2192013,5.992,2.734
"374","GAB",2019,"Gabon",2242788,5.735,2.557
"375","GAB",2020,"Gabon",2292583,5.693,2.483
"376","GBR",2016,"United Kingdom",65655204,399.43,6.084
"377","GBR",2017,"United Kingdom",66064808,387.367,5.863
"378","GBR",2018,"United Kingdom",66432996,379.73,5.716
"379","GBR",2019,"United Kingdom",66778660,364.753,5.462
"380","GBR",2020,"United Kingdom",67059472,326.263,4.865
"381","GEO",2016,"Georgia",3771112,10.068,2.67
"382","GEO",2017,"Georgia",3771904,10.173,2.697
"383","GEO",2018,"Georgia",3772323,10.063,2.667
"384","GEO",2019,"Georgia",3770814,10.92,2.896
"385","GEO",2020,"Georgia",3765912,10.691,2.839
"386","GGY",2016,"Guernsey",61612,NA,NA
"387","GGY",2017,"Guernsey",61624,NA,NA
"388","GGY",2018,"Guernsey",61908,NA,NA
"389","GGY",2019,"Guernsey",62391,NA,NA
"390","GGY",2020,"Guernsey",62823,NA,NA
"391","GHA",2016,"Ghana",29554298,15.562,0.527
"392","GHA",2017,"Ghana",30222266,13.943,0.461
"393","GHA",2018,"Ghana",30870648,17.105,0.554
"394","GHA",2019,"Ghana",31522294,18.706,0.593
"395","GHA",2020,"Ghana",32180402,19.654,0.611
"396","GIN",2016,"Guinea",11930991,2.741,0.23
"397","GIN",2017,"Guinea",12240791,3.239,0.265
"398","GIN",2018,"Guinea",12554871,3.686,0.294
"399","GIN",2019,"Guinea",12877537,4.434,0.344
"400","GIN",2020,"Guinea",13205157,4.533,0.343
"401","GLP",2016,"Guadeloupe",397861,2.519,6.333
"402","GLP",2017,"Guadeloupe",397027,2.486,6.262
"403","GLP",2018,"Guadeloupe",396273,2.472,6.237
"404","GLP",2019,"Guadeloupe",395487,2.532,6.402
"405","GLP",2020,"Guadeloupe",395649,2.291,5.791
"406","GMB",2016,"Gambia",2317212,0.59,0.255
"407","GMB",2017,"Gambia",2381189,0.594,0.249
"408","GMB",2018,"Gambia",2444916,0.594,0.243
"409","GMB",2019,"Gambia",2508882,0.601,0.24
"410","GMB",2020,"Gambia",2574005,0.614,0.238
"411","GNB",2016,"Guinea-Bissau",1834554,0.304,0.166
"412","GNB",2017,"Guinea-Bissau",1879835,0.304,0.162
"413","GNB",2018,"Guinea-Bissau",1924954,0.311,0.162
"414","GNB",2019,"Guinea-Bissau",1970460,0.322,0.164
"415","GNB",2020,"Guinea-Bissau",2015839,0.329,0.163
"416","GNQ",2016,"Equatorial Guinea",1398940,7.56,5.404
"417","GNQ",2017,"Equatorial Guinea",1450703,7.862,5.42
"418","GNQ",2018,"Equatorial Guinea",1502102,6.008,4
"419","GNQ",2019,"Equatorial Guinea",1553037,4.638,2.986
"420","GNQ",2020,"Equatorial Guinea",1596057,4.989,3.126
"421","GRC",2016,"Greece",10749742,71.364,6.639
"422","GRC",2017,"Greece",10692230,74.845,7
"423","GRC",2018,"Greece",10633275,71.782,6.751
"424","GRC",2019,"Greece",10574026,65.756,6.219
"425","GRC",2020,"Greece",10512232,55.61,5.29
"426","GRD",2016,"Grenada",119973,0.267,2.229
"427","GRD",2017,"Grenada",120934,0.278,2.303
"428","GRD",2018,"Grenada",121853,0.308,2.526
"429","GRD",2019,"Grenada",122737,0.33,2.687
"430","GRD",2020,"Grenada",123672,0.286,2.312
"431","GRL",2016,"Greenland",55941,0.525,9.384
"432","GRL",2017,"Greenland",55951,0.542,9.687
"433","GRL",2018,"Greenland",55954,0.548,9.794
"434","GRL",2019,"Greenland",55955,0.554,9.894
"435","GRL",2020,"Greenland",56049,0.5,8.929
"436","GTM",2016,"Guatemala",16291004,16.926,1.039
"437","GTM",2017,"Guatemala",16578718,17.321,1.045
"438","GTM",2018,"Guatemala",16850176,18.691,1.109
"439","GTM",2019,"Guatemala",17106338,19.761,1.155
"440","GTM",2020,"Guatemala",17362716,17.596,1.013
"441","GUF",2016,"French Guiana",262825,0.716,2.725
"442","GUF",2017,"French Guiana",269363,0.707,2.624
"443","GUF",2018,"French Guiana",276659,0.703,2.54
"444","GUF",2019,"French Guiana",284088,0.72,2.534
"445","GUF",2020,"French Guiana",290978,0.651,2.239
"446","GUY",2016,"Guyana",759097,2.345,3.089
"447","GUY",2017,"Guyana",763265,2.319,3.039
"448","GUY",2018,"Guyana",785518,2.481,3.158
"449","GUY",2019,"Guyana",798761,2.73,3.418
"450","GUY",2020,"Guyana",797207,3.191,4.003
"451","HKG",2016,"Hong Kong",7435925,43.366,5.832
"452","HKG",2017,"Hong Kong",7461508,42.431,5.687
"453","HKG",2018,"Hong Kong",7481563,42.601,5.694
"454","HKG",2019,"Hong Kong",7496121,41.9,5.59
"455","HKG",2020,"Hong Kong",7500955,31.505,4.2
"456","HND",2016,"Honduras",9460798,9.722,1.028
"457","HND",2017,"Honduras",9626845,10.231,1.063
"458","HND",2018,"Honduras",9792854,9.861,1.007
"459","HND",2019,"Honduras",9958832,11.232,1.128
"460","HND",2020,"Honduras",10121762,9.844,0.973
"461","HRV",2016,"Croatia",4223748,18.109,4.287
"462","HRV",2017,"Croatia",4192468,18.744,4.471
"463","HRV",2018,"Croatia",4160488,17.724,4.26
"464","HRV",2019,"Croatia",4129749,17.857,4.324
"465","HRV",2020,"Croatia",4096872,16.871,4.118
"466","HTI",2016,"Haiti",10713845,2.98,0.278
"467","HTI",2017,"Haiti",10863546,3.1,0.285
"468","HTI",2018,"Haiti",11012427,3.371,0.306
"469","HTI",2019,"Haiti",11160441,3.053,0.274
"470","HTI",2020,"Haiti",11306804,2.618,0.232
"471","HUN",2016,"Hungary",9815106,47.113,4.8
"472","HUN",2017,"Hungary",9788940,49.515,5.058
"473","HUN",2018,"Hungary",9776361,49.463,5.059
"474","HUN",2019,"Hungary",9771799,49.235,5.038
"475","HUN",2020,"Hungary",9750571,47.284,4.849
"476","IDN",2016,"Indonesia",261850176,552.651,2.111
"477","IDN",2017,"Indonesia",264498848,567.255,2.145
"478","IDN",2018,"Indonesia",267066848,603.657,2.26
"479","IDN",2019,"Indonesia",269582880,659.436,2.446
"480","IDN",2020,"Indonesia",271857984,609.786,2.243
"481","IMN",2016,"Isle of Man",83472,NA,NA
"482","IMN",2017,"Isle of Man",83596,NA,NA
"483","IMN",2018,"Isle of Man",83792,NA,NA
"484","IMN",2019,"Isle of Man",83950,NA,NA
"485","IMN",2020,"Isle of Man",84063,NA,NA
"486","IND",2016,"India",1338636288,2383.816,1.781
"487","IND",2017,"India",1354195712,2434.868,1.798
"488","IND",2018,"India",1369003264,2600.447,1.9
"489","IND",2019,"India",1383112064,2626.459,1.899
"490","IND",2020,"India",1396387072,2445.012,1.751
"491","IRL",2016,"Ireland",4715791,40.37,8.561
"492","IRL",2017,"Ireland",4771860,39.078,8.189
"493","IRL",2018,"Ireland",4834506,39.012,8.07
"494","IRL",2019,"Ireland",4896021,37.326,7.624
"495","IRL",2020,"Ireland",4946123,35.153,7.107
"496","IRN",2016,"Iran",83306232,633.827,7.608
"497","IRN",2017,"Iran",84505080,685.401,8.111
"498","IRN",2018,"Iran",85617560,700.938,8.187
"499","IRN",2019,"Iran",86564208,702.958,8.121
"500","IRN",2020,"Iran",87290192,729.978,8.363
"501","IRQ",2016,"Iraq",38697940,194.011,5.013
"502","IRQ",2017,"Iraq",39621156,211.711,5.343
"503","IRQ",2018,"Iraq",40590700,213.431,5.258
"504","IRQ",2019,"Iraq",41563524,187.148,4.503
"505","IRQ",2020,"Iraq",42556988,173.507,4.077
"506","ISL",2016,"Iceland",335677,3.485,10.383
"507","ISL",2017,"Iceland",343641,3.602,10.481
"508","ISL",2018,"Iceland",352951,3.659,10.367
"509","ISL",2019,"Iceland",360787,3.546,9.829
"510","ISL",2020,"Iceland",366682,3.329,9.078
"511","ISR",2016,"Israel",8159015,61.161,7.496
"512","ISR",2017,"Israel",8309256,58.842,7.081
"513","ISR",2018,"Israel",8456487,60.257,7.126
"514","ISR",2019,"Israel",8607922,58.645,6.813
"515","ISR",2020,"Israel",8757487,55.008,6.281
"516","ITA",2016,"Italy",60118628,358.183,5.958
"517","ITA",2017,"Italy",60004024,352.735,5.879
"518","ITA",2018,"Italy",59877432,349.005,5.829
"519","ITA",2019,"Italy",59727936,339.233,5.68
"520","ITA",2020,"Italy",59500576,302.279,5.08
"521","JAM",2016,"Jamaica",2802699,8.163,2.913
"522","JAM",2017,"Jamaica",2808388,7.798,2.777
"523","JAM",2018,"Jamaica",2811842,8.086,2.876
"524","JAM",2019,"Jamaica",2813776,7.823,2.78
"525","JAM",2020,"Jamaica",2820438,6.944,2.462
"526","JEY",2016,"Jersey",102152,NA,NA
"527","JEY",2017,"Jersey",103623,NA,NA
"528","JEY",2018,"Jersey",105387,NA,NA
"529","JEY",2019,"Jersey",107055,NA,NA
"530","JEY",2020,"Jersey",108332,NA,NA
"531","JOR",2016,"Jordan",9964659,24.255,2.434
"532","JOR",2017,"Jordan",10215384,25.429,2.489
"533","JOR",2018,"Jordan",10459864,24.96,2.386
"534","JOR",2019,"Jordan",10698682,26.328,2.461
"535","JOR",2020,"Jordan",10928723,24.942,2.282
"536","JPN",2016,"Japan",126993856,1203.888,9.48
"537","JPN",2017,"Japan",126662464,1188.359,9.382
"538","JPN",2018,"Japan",126255872,1143.412,9.056
"539","JPN",2019,"Japan",125791680,1106.016,8.792
"540","JPN",2020,"Japan",125244760,1042.224,8.321
"541","KAZ",2016,"Kazakhstan",18078558,304.84,16.862
"542","KAZ",2017,"Kazakhstan",18314822,320.791,17.515
"543","KAZ",2018,"Kazakhstan",18538100,331.821,17.899
"544","KAZ",2019,"Kazakhstan",18754260,297.569,15.867
"545","KAZ",2020,"Kazakhstan",18979250,278.405,14.669
"546","KEN",2016,"Kenya",47894668,17.391,0.363
"547","KEN",2017,"Kenya",48948140,17.018,0.348
"548","KEN",2018,"Kenya",49953300,18.169,0.364
"549","KEN",2019,"Kenya",50951452,19.177,0.376
"550","KEN",2020,"Kenya",51985780,18.276,0.352
"551","KGZ",2016,"Kyrgyzstan",6018303,9.646,1.603
"552","KGZ",2017,"Kyrgyzstan",6121266,9.348,1.527
"553","KGZ",2018,"Kyrgyzstan",6223503,11.105,1.784
"554","KGZ",2019,"Kyrgyzstan",6323643,9.03,1.428
"555","KGZ",2020,"Kyrgyzstan",6424880,8.489,1.321
"556","KHM",2016,"Cambodia",15624586,10.922,0.699
"557","KHM",2017,"Cambodia",15830694,12.505,0.79
"558","KHM",2018,"Cambodia",16025242,14.388,0.898
"559","KHM",2019,"Cambodia",16207746,18.025,1.112
"560","KHM",2020,"Cambodia",16396864,18.703,1.141
"561","KIR",2016,"Kiribati",118529,0.055,0.464
"562","KIR",2017,"Kiribati",120378,0.066,0.548
"563","KIR",2018,"Kiribati",122276,0.066,0.539
"564","KIR",2019,"Kiribati",124252,0.066,0.531
"565","KIR",2020,"Kiribati",126473,0.07,0.55
"566","KNA",2016,"Saint Kitts and Nevis",47814,0.238,4.981
"567","KNA",2017,"Saint Kitts and Nevis",47811,0.242,5.058
"568","KNA",2018,"Saint Kitts and Nevis",47787,0.245,5.137
"569","KNA",2019,"Saint Kitts and Nevis",47739,0.253,5.296
"570","KNA",2020,"Saint Kitts and Nevis",47666,0.216,4.528
"571","KOR",2016,"South Korea",51309984,637.914,12.433
"572","KOR",2017,"South Korea",51511640,654.537,12.707
"573","KOR",2018,"South Korea",51676900,670.169,12.968
"574","KOR",2019,"South Korea",51803832,646.102,12.472
"575","KOR",2020,"South Korea",51844688,597.634,11.527
"576","KWT",2016,"Kuwait",4048090,101.897,25.172
"577","KWT",2017,"Kuwait",4124904,95.938,23.258
"578","KWT",2018,"Kuwait",4317190,97.045,22.479
"579","KWT",2019,"Kuwait",4441105,104.361,23.499
"580","KWT",2020,"Kuwait",4360451,99.779,22.883
"581","LAO",2016,"Laos",6891366,16.458,2.388
"582","LAO",2017,"Laos",6997925,19.684,2.813
"583","LAO",2018,"Laos",7105008,20.558,2.893
"584","LAO",2019,"Laos",7212058,19.596,2.717
"585","LAO",2020,"Laos",7319397,20.488,2.799
"586","LBN",2016,"Lebanon",6258628,26.457,4.227
"587","LBN",2017,"Lebanon",6109255,27.846,4.558
"588","LBN",2018,"Lebanon",5950842,26.203,4.403
"589","LBN",2019,"Lebanon",5781912,26.4,4.566
"590","LBN",2020,"Lebanon",5662924,24.475,4.322
"591","LBR",2016,"Liberia",4706106,1.354,0.288
"592","LBR",2017,"Liberia",4796632,1.228,0.256
"593","LBR",2018,"Liberia",4889396,1.082,0.221
"594","LBR",2019,"Liberia",4985290,1.106,0.222
"595","LBR",2020,"Liberia",5087591,1.127,0.222
"596","LBY",2016,"Libya",6282202,51.649,8.222
"597","LBY",2017,"Libya",6378267,53.437,8.378
"598","LBY",2018,"Libya",6477791,54.016,8.339
"599","LBY",2019,"Libya",6569085,69.244,10.541
"600","LBY",2020,"Libya",6653946,58.565,8.802
"601","LCA",2016,"Saint Lucia",176429,0.487,2.762
"602","LCA",2017,"Saint Lucia",177175,0.506,2.854
"603","LCA",2018,"Saint Lucia",177894,0.509,2.863
"604","LCA",2019,"Saint Lucia",178594,0.517,2.893
"605","LCA",2020,"Saint Lucia",179245,0.441,2.461
"606","LIE",2016,"Liechtenstein",37630,0.15,3.982
"607","LIE",2017,"Liechtenstein",37916,0.156,4.108
"608","LIE",2018,"Liechtenstein",38205,0.143,3.742
"609","LIE",2019,"Liechtenstein",38500,0.149,3.871
"610","LIE",2020,"Liechtenstein",38783,0.142,3.661
"611","LKA",2016,"Sri Lanka",21425494,23.024,1.075
"612","LKA",2017,"Sri Lanka",21506816,23.03,1.071
"613","LKA",2018,"Sri Lanka",21580712,20.995,0.973
"614","LKA",2019,"Sri Lanka",21649664,22.22,1.026
"615","LKA",2020,"Sri Lanka",21715076,21.704,0.999
"616","LSO",2016,"Lesotho",2143876,2.213,1.032
"617","LSO",2017,"Lesotho",2170622,2.514,1.158
"618","LSO",2018,"Lesotho",2198030,2.371,1.079
"619","LSO",2019,"Lesotho",2225710,2.389,1.073
"620","LSO",2020,"Lesotho",2254104,2.188,0.971
"621","LTU",2016,"Lithuania",2933676,13.351,4.551
"622","LTU",2017,"Lithuania",2904452,13.572,4.673
"623","LTU",2018,"Lithuania",2876128,13.691,4.76
"624","LTU",2019,"Lithuania",2849083,13.923,4.887
"625","LTU",2020,"Lithuania",2820269,13.653,4.841
"626","LUX",2016,"Luxembourg",583355,9.089,15.581
"627","LUX",2017,"Luxembourg",596290,9.261,15.531
"628","LUX",2018,"Luxembourg",607920,9.567,15.737
"629","LUX",2019,"Luxembourg",619981,9.752,15.729
"630","LUX",2020,"Luxembourg",630401,8.097,12.843
"631","LVA",2016,"Latvia",1973477,7.21,3.654
"632","LVA",2017,"Latvia",1954861,7.215,3.691
"633","LVA",2018,"Latvia",1935632,7.859,4.06
"634","LVA",2019,"Latvia",1916552,7.649,3.991
"635","LVA",2020,"Latvia",1897057,6.994,3.687
"636","MAC",2016,"Macao",626694,1.781,2.841
"637","MAC",2017,"Macao",638612,1.927,3.018
"638","MAC",2018,"Macao",650996,1.242,1.908
"639","MAC",2019,"Macao",663660,1.213,1.827
"640","MAC",2020,"Macao",676287,1.272,1.881
"641","MAF",2016,"Saint Martin (French part)",34833,NA,NA
"642","MAF",2017,"Saint Martin (French part)",34519,NA,NA
"643","MAF",2018,"Saint Martin (French part)",33879,NA,NA
"644","MAF",2019,"Saint Martin (French part)",33150,NA,NA
"645","MAF",2020,"Saint Martin (French part)",32577,NA,NA
"646","MAR",2016,"Morocco",35107272,58.457,1.665
"647","MAR",2017,"Morocco",35528116,61.472,1.73
"648","MAR",2018,"Morocco",35927516,63.01,1.754
"649","MAR",2019,"Morocco",36304408,68.608,1.89
"650","MAR",2020,"Morocco",36688768,64.72,1.764
"651","MDA",2016,"Moldova",3225125,4.904,1.52
"652","MDA",2017,"Moldova",3180515,5.221,1.641
"653","MDA",2018,"Moldova",3141839,5.445,1.733
"654","MDA",2019,"Moldova",3109496,5.491,1.766
"655","MDA",2020,"Moldova",3084848,5.25,1.702
"656","MDG",2016,"Madagascar",25501944,3.268,0.128
"657","MDG",2017,"Madagascar",26169540,4.119,0.157
"658","MDG",2018,"Madagascar",26846544,3.822,0.142
"659","MDG",2019,"Madagascar",27533134,4.299,0.156
"660","MDG",2020,"Madagascar",28225182,4.001,0.142
"661","MDV",2016,"Maldives",454263,1.436,3.162
"662","MDV",2017,"Maldives",472449,1.513,3.203
"663","MDV",2018,"Maldives",489773,1.74,3.553
"664","MDV",2019,"Maldives",504518,1.953,3.871
"665","MDV",2020,"Maldives",514451,2.061,4.006
"666","MEX",2016,"Mexico",121519224,479.79,3.948
"667","MEX",2017,"Mexico",122839256,465.621,3.79
"668","MEX",2018,"Mexico",124013864,475.269,3.832
"669","MEX",2019,"Mexico",125085312,472.191,3.775
"670","MEX",2020,"Mexico",125998296,391.706,3.109
"671","MHL",2016,"Marshall Islands",48354,0.143,2.955
"672","MHL",2017,"Marshall Islands",47204,0.147,3.105
"673","MHL",2018,"Marshall Islands",46012,0.147,3.185
"674","MHL",2019,"Marshall Islands",44750,0.147,3.275
"675","MHL",2020,"Marshall Islands",43437,0.155,3.561
"676","MKD",2016,"North Macedonia",2110194,6.987,3.311
"677","MKD",2017,"North Macedonia",2111982,7.504,3.553
"678","MKD",2018,"North Macedonia",2113497,7.031,3.327
"679","MKD",2019,"North Macedonia",2114175,7.995,3.782
"680","MKD",2020,"North Macedonia",2111078,6.65,3.15
"681","MLI",2016,"Mali",18700108,3.337,0.178
"682","MLI",2017,"Mali",19311356,3.55,0.184
"683","MLI",2018,"Mali",19934304,3.675,0.184
"684","MLI",2019,"Mali",20567430,3.854,0.187
"685","MLI",2020,"Mali",21224042,3.928,0.185
"686","MLT",2016,"Malta",467717,1.356,2.9
"687","MLT",2017,"Malta",479507,1.531,3.193
"688","MLT",2018,"Malta",491590,1.547,3.147
"689","MLT",2019,"Malta",503646,1.649,3.275
"690","MLT",2020,"Malta",515364,1.6,3.104
"691","MMR",2016,"Myanmar",51892352,21.14,0.407
"692","MMR",2017,"Myanmar",52288344,23.63,0.452
"693","MMR",2018,"Myanmar",52666016,34.783,0.66
"694","MMR",2019,"Myanmar",53040212,34.609,0.653
"695","MMR",2020,"Myanmar",53423200,36.089,0.676
"696","MNE",2016,"Montenegro",633264,2.015,3.182
"697","MNE",2017,"Montenegro",632445,2.103,3.325
"698","MNE",2018,"Montenegro",631459,2.4,3.801
"699","MNE",2019,"Montenegro",630403,2.477,3.929
"700","MNE",2020,"Montenegro",629058,2.451,3.897
"701","MNG",2016,"Mongolia",3029559,25.629,8.46
"702","MNG",2017,"Mongolia",3096033,34.135,11.026
"703","MNG",2018,"Mongolia",3163994,45.316,14.322
"704","MNG",2019,"Mongolia",3232435,47.255,14.619
"705","MNG",2020,"Mongolia",3294340,49.605,15.058
"706","MOZ",2016,"Mozambique",27696500,8.159,0.295
"707","MOZ",2017,"Mozambique",28569448,6.949,0.243
"708","MOZ",2018,"Mozambique",29423882,7.08,0.241
"709","MOZ",2019,"Mozambique",30285602,7.147,0.236
"710","MOZ",2020,"Mozambique",31178242,6.669,0.214
"711","MRT",2016,"Mauritania",4051896,2.627,0.648
"712","MRT",2017,"Mauritania",4160018,3.42,0.822
"713","MRT",2018,"Mauritania",4270717,3.664,0.858
"714","MRT",2019,"Mauritania",4383853,3.774,0.861
"715","MRT",2020,"Mauritania",4498605,3.855,0.857
"716","MSR",2016,"Montserrat",5108,0.029,5.738
"717","MSR",2017,"Montserrat",4723,0.029,6.206
"718","MSR",2018,"Montserrat",4381,0.029,6.691
"719","MSR",2019,"Montserrat",4528,0.022,4.855
"720","MSR",2020,"Montserrat",4526,0.019,4.147
"721","MTQ",2016,"Martinique",380350,2.31,6.072
"722","MTQ",2017,"Martinique",377458,2.279,6.037
"723","MTQ",2018,"Martinique",374843,2.266,6.044
"724","MTQ",2019,"Martinique",372254,2.321,6.235
"725","MTQ",2020,"Martinique",370399,2.1,5.67
"726","MUS",2016,"Mauritius",1293909,4.346,3.358
"727","MUS",2017,"Mauritius",1294743,4.536,3.503
"728","MUS",2018,"Mauritius",1295386,4.514,3.485
"729","MUS",2019,"Mauritius",1296284,4.521,3.488
"730","MUS",2020,"Mauritius",1297830,4.208,3.243
"731","MWI",2016,"Malawi",17405624,1.194,0.069
"732","MWI",2017,"Malawi",17881172,1.36,0.076
"733","MWI",2018,"Malawi",18367886,1.57,0.085
"734","MWI",2019,"Malawi",18867340,1.593,0.084
"735","MWI",2020,"Malawi",19377058,1.472,0.076
"736","MYS",2016,"Malaysia",31526414,252.061,7.995
"737","MYS",2017,"Malaysia",31975812,248.202,7.762
"738","MYS",2018,"Malaysia",32399270,267.087,8.244
"739","MYS",2019,"Malaysia",32804024,269.156,8.205
"740","MYS",2020,"Malaysia",33199988,259.481,7.816
"741","MYT",2016,"Mayotte",260296,0.301,1.155
"742","MYT",2017,"Mayotte",271576,0.297,1.092
"743","MYT",2018,"Mayotte",282968,0.295,1.042
"744","MYT",2019,"Mayotte",294502,0.302,1.026
"745","MYT",2020,"Mayotte",305591,0.273,0.894
"746","NAM",2016,"Namibia",2323351,4.051,1.744
"747","NAM",2017,"Namibia",2364540,4.216,1.783
"748","NAM",2018,"Namibia",2405682,4.155,1.727
"749","NAM",2019,"Namibia",2446648,4.107,1.679
"750","NAM",2020,"Namibia",2489099,3.945,1.585
"751","NCL",2016,"New Caledonia",283753,5.315,18.732
"752","NCL",2017,"New Caledonia",284358,5.345,18.797
"753","NCL",2018,"New Caledonia",284887,5.346,18.764
"754","NCL",2019,"New Caledonia",285374,5.119,17.937
"755","NCL",2020,"New Caledonia",286412,5.387,18.807
"756","NER",2016,"Niger",20921748,2.147,0.103
"757","NER",2017,"Niger",21737924,2.252,0.104
"758","NER",2018,"Niger",22577060,1.793,0.079
"759","NER",2019,"Niger",23443400,2.469,0.105
"760","NER",2020,"Niger",24333644,2.491,0.102
"761","NGA",2016,"Nigeria",188666928,116.95,0.62
"762","NGA",2017,"Nigeria",193495904,112.777,0.583
"763","NGA",2018,"Nigeria",198387616,105.23,0.53
"764","NGA",2019,"Nigeria",203304496,127.304,0.626
"765","NGA",2020,"Nigeria",208327408,130.177,0.625
"766","NIC",2016,"Nicaragua",6389237,5.406,0.846
"767","NIC",2017,"Nicaragua",6480534,5.461,0.843
"768","NIC",2018,"Nicaragua",6572234,5.199,0.791
"769","NIC",2019,"Nicaragua",6663919,5.219,0.783
"770","NIC",2020,"Nicaragua",6755900,4.557,0.675
"771","NIU",2016,"Niue",1883,0.007,3.892
"772","NIU",2017,"Niue",1891,0.007,3.875
"773","NIU",2018,"Niue",1907,0.011,5.764
"774","NIU",2019,"Niue",1943,0.011,5.657
"775","NIU",2020,"Niue",1963,0.012,5.91
"776","NLD",2016,"Netherlands",17124512,164.862,9.627
"777","NLD",2017,"Netherlands",17207204,162.494,9.443
"778","NLD",2018,"Netherlands",17286042,158.628,9.177
"779","NLD",2019,"Netherlands",17363260,153.033,8.814
"780","NLD",2020,"Netherlands",17434562,137.85,7.907
"781","NOR",2016,"Norway",5236591,44.765,8.549
"782","NOR",2017,"Norway",5277396,44.242,8.383
"783","NOR",2018,"Norway",5312321,44.393,8.357
"784","NOR",2019,"Norway",5348285,42.784,8
"785","NOR",2020,"Norway",5379836,41.196,7.657
"786","NPL",2016,"Nepal",27861186,9.761,0.35
"787","NPL",2017,"Nepal",28183424,11.648,0.413
"788","NPL",2018,"Nepal",28506718,14.833,0.52
"789","NPL",2019,"Nepal",28832500,13.428,0.466
"790","NPL",2020,"Nepal",29348626,13.944,0.475
"791","NRU",2016,"Nauru",11463,0.051,4.475
"792","NRU",2017,"Nauru",11708,0.055,4.694
"793","NRU",2018,"Nauru",11949,0.055,4.6
"794","NRU",2019,"Nauru",12156,0.055,4.521
"795","NRU",2020,"Nauru",12339,0.058,4.701
"796","NZL",2016,"New Zealand",4668088,34.153,7.316
"797","NZL",2017,"New Zealand",4746253,35.688,7.519
"798","NZL",2018,"New Zealand",4838528,35.705,7.379
"799","NZL",2019,"New Zealand",4959033,37.121,7.486
"800","NZL",2020,"New Zealand",5061130,34.457,6.808
"801","OMN",2016,"Oman",4398080,65.669,14.931
"802","OMN",2017,"Oman",4541853,68.62,15.108
"803","OMN",2018,"Oman",4601160,72.556,15.769
"804","OMN",2019,"Oman",4602769,72.177,15.681
"805","OMN",2020,"Oman",4543406,72.506,15.959
"806","PAK",2016,"Pakistan",213524848,195.791,0.917
"807","PAK",2017,"Pakistan",216379648,216.158,0.999
"808","PAK",2018,"Pakistan",219731488,205.061,0.933
"809","PAK",2019,"Pakistan",223293280,206.061,0.923
"810","PAK",2020,"Pakistan",227196736,210.384,0.926
"811","PAN",2016,"Panama",4026338,10.439,2.593
"812","PAN",2017,"Panama",4096071,11.223,2.74
"813","PAN",2018,"Panama",4165258,10.768,2.585
"814","PAN",2019,"Panama",4232538,13.42,3.171
"815","PAN",2020,"Panama",4294391,11.656,2.714
"816","PER",2016,"Peru",31132776,52.814,1.696
"817","PER",2017,"Peru",31605488,53.73,1.7
"818","PER",2018,"Peru",32203946,55.163,1.713
"819","PER",2019,"Peru",32824864,57.68,1.757
"820","PER",2020,"Peru",33304768,47.489,1.426
"821","PHL",2016,"Philippines",104875272,122.558,1.169
"822","PHL",2017,"Philippines",106738496,135.15,1.266
"823","PHL",2018,"Philippines",108568832,141.824,1.306
"824","PHL",2019,"Philippines",110380800,145.232,1.316
"825","PHL",2020,"Philippines",112190984,135.662,1.209
"826","PLW",2016,"Palau",17840,0.213,11.912
"827","PLW",2017,"Palau",17857,0.216,12.106
"828","PLW",2018,"Palau",17887,0.213,11.881
"829","PLW",2019,"Palau",17939,0.22,12.255
"830","PLW",2020,"Palau",17999,0.232,12.891
"831","PNG",2016,"Papua New Guinea",8899176,6.812,0.765
"832","PNG",2017,"Papua New Guinea",9114803,6.47,0.71
"833","PNG",2018,"Papua New Guinea",9329233,7.523,0.806
"834","PNG",2019,"Papua New Guinea",9542492,7.879,0.826
"835","PNG",2020,"Papua New Guinea",9749641,8.325,0.854
"836","POL",2016,"Poland",38532108,324.381,8.418
"837","POL",2017,"Poland",38532816,337.735,8.765
"838","POL",2018,"Poland",38521464,337.048,8.75
"839","POL",2019,"Poland",38493600,318.488,8.274
"840","POL",2020,"Poland",38428368,303.523,7.898
"841","PRI",2016,"Puerto Rico",3432745,NA,NA
"842","PRI",2017,"Puerto Rico",3366407,NA,NA
"843","PRI",2018,"Puerto Rico",3319269,NA,NA
"844","PRI",2019,"Puerto Rico",3292888,NA,NA
"845","PRI",2020,"Puerto Rico",3271570,NA,NA
"846","PRK",2016,"North Korea",25389614,27.572,1.086
"847","PRK",2017,"North Korea",25516318,51.736,2.028
"848","PRK",2018,"North Korea",25638152,47.63,1.858
"849","PRK",2019,"North Korea",25755442,52.764,2.049
"850","PRK",2020,"North Korea",25867474,55.336,2.139
"851","PRT",2016,"Portugal",10332751,50.442,4.882
"852","PRT",2017,"Portugal",10307528,55.21,5.356
"853","PRT",2018,"Portugal",10289833,51.459,5.001
"854","PRT",2019,"Portugal",10289921,47.619,4.628
"855","PRT",2020,"Portugal",10298186,41.8,4.059
"856","PRY",2016,"Paraguay",6266623,7.154,1.142
"857","PRY",2017,"Paraguay",6355406,8.069,1.27
"858","PRY",2018,"Paraguay",6443337,8.508,1.32
"859","PRY",2019,"Paraguay",6530029,8.244,1.263
"860","PRY",2020,"Paraguay",6618700,8.033,1.214
"861","PSE",2016,"Palestine",4593855,3.234,0.704
"862","PSE",2017,"Palestine",4700954,3.268,0.695
"863","PSE",2018,"Palestine",4805549,2.959,0.616
"864","PSE",2019,"Palestine",4909775,3.265,0.665
"865","PSE",2020,"Palestine",5019407,3.017,0.601
"866","PYF",2016,"French Polynesia",293552,0.868,2.958
"867","PYF",2017,"French Polynesia",295456,0.861,2.914
"868","PYF",2018,"French Polynesia",297615,0.876,2.942
"869","PYF",2019,"French Polynesia",299730,0.876,2.922
"870","PYF",2020,"French Polynesia",301935,0.924,3.061
"871","QAT",2016,"Qatar",2595175,87.545,33.734
"872","QAT",2017,"Qatar",2711764,100.18,36.943
"873","QAT",2018,"Qatar",2766743,95.232,34.42
"874","QAT",2019,"Qatar",2807242,101.152,36.033
"875","QAT",2020,"Qatar",2760390,92.861,33.64
"876","REU",2016,"Reunion",926628,4.512,4.869
"877","REU",2017,"Reunion",932745,4.452,4.773
"878","REU",2018,"Reunion",941189,4.426,4.703
"879","REU",2019,"Reunion",949423,4.535,4.776
"880","REU",2020,"Reunion",957829,4.103,4.284
"881","ROU",2016,"Romania",19797820,77.012,3.89
"882","ROU",2017,"Romania",19698852,80.043,4.063
"883","ROU",2018,"Romania",19606778,80.516,4.107
"884","ROU",2019,"Romania",19524212,77.031,3.945
"885","ROU",2020,"Romania",19442040,74.138,3.813
"886","RUS",2016,"Russia",145109152,1624.756,11.197
"887","RUS",2017,"Russia",145452544,1654.154,11.372
"888","RUS",2018,"Russia",145652288,1700.453,11.675
"889","RUS",2019,"Russia",145742288,1692.363,11.612
"890","RUS",2020,"Russia",145617328,1624.221,11.154
"891","RWA",2016,"Rwanda",11930902,1.069,0.09
"892","RWA",2017,"Rwanda",12230343,1.168,0.095
"893","RWA",2018,"Rwanda",12531810,1.281,0.102
"894","RWA",2019,"Rwanda",12835029,1.812,0.141
"895","RWA",2020,"Rwanda",13146367,1.662,0.126
"896","SAU",2016,"Saudi Arabia",33416272,642.86,19.238
"897","SAU",2017,"Saudi Arabia",34193120,643.639,18.824
"898","SAU",2018,"Saudi Arabia",35018132,626.191,17.882
"899","SAU",2019,"Saudi Arabia",35827364,656.481,18.323
"900","SAU",2020,"Saudi Arabia",35997108,661.193,18.368
"901","SDN",2016,"Sudan",39377168,20.038,0.509
"902","SDN",2017,"Sudan",40679820,22.432,0.551
"903","SDN",2018,"Sudan",41999064,21.864,0.521
"904","SDN",2019,"Sudan",43232092,21.952,0.508
"905","SDN",2020,"Sudan",44440484,20.036,0.451
"906","SEN",2016,"Senegal",14751356,10.016,0.679
"907","SEN",2017,"Senegal",15157793,10.76,0.71
"908","SEN",2018,"Senegal",15574910,11.33,0.727
"909","SEN",2019,"Senegal",16000783,12.761,0.798
"910","SEN",2020,"Senegal",16436120,12.744,0.775
"911","SGP",2016,"Singapore",5711936,35.654,6.242
"912","SGP",2017,"Singapore",5764489,37.157,6.446
"913","SGP",2018,"Singapore",5814543,46.02,7.915
"914","SGP",2019,"Singapore",5866408,29.917,5.1
"915","SGP",2020,"Singapore",5909874,29.909,5.061
"916","SHN",2016,"Saint Helena",5533,0.015,2.649
"917","SHN",2017,"Saint Helena",5521,0.011,1.991
"918","SHN",2018,"Saint Helena",5494,0.011,2.001
"919","SHN",2019,"Saint Helena",5470,0.015,2.679
"920","SHN",2020,"Saint Helena",5448,0.013,2.297
"921","SJM",2016,"Svalbard and Jan Mayen",2400,NA,NA
"922","SJM",2017,"Svalbard and Jan Mayen",2400,NA,NA
"923","SJM",2018,"Svalbard and Jan Mayen",NA,NA,NA
"924","SJM",2019,"Svalbard and Jan Mayen",NA,NA,NA
"925","SJM",2020,"Svalbard and Jan Mayen",NA,NA,NA
"926","SLB",2016,"Solomon Islands",628110,0.289,0.461
"927","SLB",2017,"Solomon Islands",643641,0.286,0.444
"928","SLB",2018,"Solomon Islands",659259,0.289,0.439
"929","SLB",2019,"Solomon Islands",675000,0.293,0.434
"930","SLB",2020,"Solomon Islands",691198,0.309,0.448
"931","SLE",2016,"Sierra Leone",7493918,1.15,0.154
"932","SLE",2017,"Sierra Leone",7677570,1.055,0.137
"933","SLE",2018,"Sierra Leone",7861287,1.037,0.132
"934","SLE",2019,"Sierra Leone",8046830,1.191,0.148
"935","SLE",2020,"Sierra Leone",8233973,1.216,0.148
"936","SLV",2016,"El Salvador",6250513,6.596,1.055
"937","SLV",2017,"El Salvador",6266661,5.97,0.953
"938","SLV",2018,"El Salvador",6276340,6.41,1.021
"939","SLV",2019,"El Salvador",6280222,7.423,1.182
"940","SLV",2020,"El Salvador",6292734,6.501,1.033
"941","SOM",2016,"Somalia",14292848,0.638,0.045
"942","SOM",2017,"Somalia",14864224,0.638,0.043
"943","SOM",2018,"Somalia",15411101,0.638,0.041
"944","SOM",2019,"Somalia",15981312,0.638,0.04
"945","SOM",2020,"Somalia",16537018,0.578,0.035
"946","SPM",2016,"Saint Pierre and Miquelon",5990,0.066,11.01
"947","SPM",2017,"Saint Pierre and Miquelon",5980,0.066,11.029
"948","SPM",2018,"Saint Pierre and Miquelon",5969,0.059,9.821
"949","SPM",2019,"Saint Pierre and Miquelon",5952,0.066,11.081
"950","SPM",2020,"Saint Pierre and Miquelon",5930,0.056,9.496
"951","SRB",2016,"Serbia",7493288,45.04,6.011
"952","SRB",2017,"Serbia",7464882,45.53,6.099
"953","SRB",2018,"Serbia",7433825,44.32,5.962
"954","SRB",2019,"Serbia",7401056,44.344,5.992
"955","SRB",2020,"Serbia",7358010,44.549,6.055
"956","SSD",2016,"South Sudan",11066116,1.704,0.154
"957","SSD",2017,"South Sudan",10658230,1.455,0.136
"958","SSD",2018,"South Sudan",10395332,1.499,0.144
"959","SSD",2019,"South Sudan",10447677,1.652,0.158
"960","SSD",2020,"South Sudan",10606224,1.499,0.141
"961","STP",2016,"Sao Tome and Principe",204640,0.125,0.609
"962","STP",2017,"Sao Tome and Principe",208050,0.128,0.616
"963","STP",2018,"Sao Tome and Principe",211358,0.132,0.624
"964","STP",2019,"Sao Tome and Principe",214612,0.132,0.615
"965","STP",2020,"Sao Tome and Principe",218650,0.124,0.569
"966","SUR",2016,"Suriname",581462,2.349,4.04
"967","SUR",2017,"Suriname",587566,2.111,3.593
"968","SUR",2018,"Suriname",593729,1.869,3.149
"969","SUR",2019,"Suriname",600305,2.683,4.469
"970","SUR",2020,"Suriname",607068,2.608,4.295
"971","SVK",2016,"Slovakia",5431205,34.913,6.428
"972","SVK",2017,"Slovakia",5439418,36.113,6.639
"973","SVK",2018,"Slovakia",5446746,36.103,6.628
"974","SVK",2019,"Slovakia",5453932,33.776,6.193
"975","SVK",2020,"Slovakia",5456681,31.095,5.698
"976","SVN",2016,"Slovenia",2090020,14.465,6.921
"977","SVN",2017,"Slovenia",2098396,14.622,6.968
"978","SVN",2018,"Slovenia",2105931,14.527,6.898
"979","SVN",2019,"Slovenia",2112905,14.048,6.649
"980","SVN",2020,"Slovenia",2117648,12.866,6.076
"981","SWE",2016,"Sweden",9953322,43.416,4.362
"982","SWE",2017,"Sweden",10058191,42.704,4.246
"983","SWE",2018,"Sweden",10162300,42.095,4.142
"984","SWE",2019,"Sweden",10267922,40.982,3.991
"985","SWE",2020,"Sweden",10368968,36.515,3.522
"986","SWZ",2016,"Eswatini",1142529,1.055,0.924
"987","SWZ",2017,"Eswatini",1151397,0.986,0.856
"988","SWZ",2018,"Eswatini",1160430,1.033,0.89
"989","SWZ",2019,"Eswatini",1169620,1.121,0.959
"990","SWZ",2020,"Eswatini",1180663,1.06,0.898
"991","SXM",2016,"Sint Maarten (Dutch part)",41365,0.744,17.981
"992","SXM",2017,"Sint Maarten (Dutch part)",41901,0.707,16.877
"993","SXM",2018,"Sint Maarten (Dutch part)",42268,0.689,16.297
"994","SXM",2019,"Sint Maarten (Dutch part)",43002,0.689,16.019
"995","SXM",2020,"Sint Maarten (Dutch part)",43638,0.588,13.477
"996","SYC",2016,"Seychelles",100521,0.553,5.504
"997","SYC",2017,"Seychelles",101828,0.575,5.649
"998","SYC",2018,"Seychelles",103120,0.601,5.827
"999","SYC",2019,"Seychelles",104386,0.594,5.686
"1000","SYC",2020,"Seychelles",105545,0.538,5.101
"1001","SYR",2016,"Syria",18964252,29.003,1.529
"1002","SYR",2017,"Syria",18983370,32.613,1.718
"1003","SYR",2018,"Syria",19333464,30.23,1.564
"1004","SYR",2019,"Syria",20098252,27.479,1.367
"1005","SYR",2020,"Syria",20772602,26.16,1.259
"1006","TCA",2016,"Turks and Caicos Islands",38267,0.33,8.617
"1007","TCA",2017,"Turks and Caicos Islands",39865,0.352,8.823
"1008","TCA",2018,"Turks and Caicos Islands",41516,0.363,8.737
"1009","TCA",2019,"Turks and Caicos Islands",43104,0.363,8.415
"1010","TCA",2020,"Turks and Caicos Islands",44297,0.31,6.992
"1011","TCD",2016,"Chad",14592587,2.015,0.138
"1012","TCD",2017,"Chad",15085893,1.978,0.131
"1013","TCD",2018,"Chad",15604213,2.007,0.129
"1014","TCD",2019,"Chad",16126868,1.922,0.119
"1015","TCD",2020,"Chad",16644707,1.802,0.108
"1016","TGO",2016,"Togo",7661361,2.312,0.302
"1017","TGO",2017,"Togo",7852799,2.16,0.275
"1018","TGO",2018,"Togo",8046680,2.208,0.274
"1019","TGO",2019,"Togo",8243093,2.205,0.267
"1020","TGO",2020,"Togo",8442583,2.244,0.266
"1021","THA",2016,"Thailand",70607032,288.512,4.086
"1022","THA",2017,"Thailand",70898208,293.074,4.134
"1023","THA",2018,"Thailand",71127808,282.105,3.966
"1024","THA",2019,"Thailand",71307768,290.239,4.07
"1025","THA",2020,"Thailand",71475664,277.368,3.881
"1026","TJK",2016,"Tajikistan",8725326,6.437,0.738
"1027","TJK",2017,"Tajikistan",8925529,7.858,0.88
"1028","TJK",2018,"Tajikistan",9128131,9.108,0.998
"1029","TJK",2019,"Tajikistan",9337008,9.832,1.053
"1030","TJK",2020,"Tajikistan",9543211,9.434,0.989
"1031","TKM",2016,"Turkmenistan",5868568,73.464,12.518
"1032","TKM",2017,"Turkmenistan",5968388,73.359,12.291
"1033","TKM",2018,"Turkmenistan",6065072,73.252,12.078
"1034","TKM",2019,"Turkmenistan",6158424,74.762,12.14
"1035","TKM",2020,"Turkmenistan",6250442,72.036,11.525
"1036","TLS",2016,"Timor",1224568,0.59,0.482
"1037","TLS",2017,"Timor",1243238,0.634,0.51
"1038","TLS",2018,"Timor",1261850,0.634,0.502
"1039","TLS",2019,"Timor",1280442,0.685,0.535
"1040","TLS",2020,"Timor",1299998,0.719,0.553
"1041","TON",2016,"Tonga",105721,0.125,1.178
"1042","TON",2017,"Tonga",105430,0.136,1.286
"1043","TON",2018,"Tonga",105167,0.136,1.289
"1044","TON",2019,"Tonga",104965,0.161,1.536
"1045","TON",2020,"Tonga",105265,0.17,1.616
"1046","TTO",2016,"Trinidad and Tobago",1469334,39.893,27.15
"1047","TTO",2017,"Trinidad and Tobago",1478616,40.318,27.267
"1048","TTO",2018,"Trinidad and Tobago",1504707,40.328,26.801
"1049","TTO",2019,"Trinidad and Tobago",1519960,40.768,26.822
"1050","TTO",2020,"Trinidad and Tobago",1518142,35.756,23.553
"1051","TUN",2016,"Tunisia",11685666,29.88,2.557
"1052","TUN",2017,"Tunisia",11811441,30.486,2.581
"1053","TUN",2018,"Tunisia",11933040,29.997,2.514
"1054","TUN",2019,"Tunisia",12049319,29.704,2.465
"1055","TUN",2020,"Tunisia",12161720,27.578,2.268
"1056","TUR",2016,"Turkey",81019400,405.305,5.003
"1057","TUR",2017,"Turkey",82089824,430.22,5.241
"1058","TUR",2018,"Turkey",82809304,422.569,5.103
"1059","TUR",2019,"Turkey",83481688,401.72,4.812
"1060","TUR",2020,"Turkey",84135432,413.433,4.914
"1061","TUV",2016,"Tuvalu",10876,0.007,0.674
"1062","TUV",2017,"Tuvalu",10850,0.007,0.675
"1063","TUV",2018,"Tuvalu",10883,0.007,0.673
"1064","TUV",2019,"Tuvalu",10983,0.007,0.667
"1065","TUV",2020,"Tuvalu",11090,0.008,0.697
"1066","TWN",2016,"Taiwan",23594476,279.705,11.855
"1067","TWN",2017,"Taiwan",23665028,284.821,12.036
"1068","TWN",2018,"Taiwan",23726186,282.843,11.921
"1069","TWN",2019,"Taiwan",23777742,273.515,11.503
"1070","TWN",2020,"Taiwan",23821468,264.267,11.094
"1071","TZA",2016,"Tanzania",54401804,10.869,0.2
"1072","TZA",2017,"Tanzania",56267040,11.403,0.203
"1073","TZA",2018,"Tanzania",58090444,11.787,0.203
"1074","TZA",2019,"Tanzania",59872584,13.043,0.218
"1075","TZA",2020,"Tanzania",61704520,12.294,0.199
"1076","UGA",2016,"Uganda",38748308,4.789,0.124
"1077","UGA",2017,"Uganda",40127096,5.377,0.134
"1078","UGA",2018,"Uganda",41515400,5.631,0.136
"1079","UGA",2019,"Uganda",42949076,6.012,0.14
"1080","UGA",2020,"Uganda",44404608,5.507,0.124
"1081","UKR",2016,"Ukraine",44833568,234.008,5.219
"1082","UKR",2017,"Ukraine",44657260,223.087,4.996
"1083","UKR",2018,"Ukraine",44446952,231.675,5.212
"1084","UKR",2019,"Ukraine",44211100,222.057,5.023
"1085","UKR",2020,"Ukraine",43909664,206.941,4.713
"1086","URY",2016,"Uruguay",3413768,6.521,1.91
"1087","URY",2017,"Uruguay",3422205,6.163,1.801
"1088","URY",2018,"Uruguay",3427044,6.571,1.917
"1089","URY",2019,"Uruguay",3428412,6.49,1.893
"1090","URY",2020,"Uruguay",3429087,6.297,1.836
"1091","USA",2016,"United States",327210208,5251.757,16.05
"1092","USA",2017,"United States",329791232,5210.958,15.801
"1093","USA",2018,"United States",332140032,5376.657,16.188
"1094","USA",2019,"United States",334319680,5259.144,15.731
"1095","USA",2020,"United States",335942016,4715.691,14.037
"1096","UZB",2016,"Uzbekistan",31453576,110.139,3.502
"1097","UZB",2017,"Uzbekistan",31945680,108.931,3.41
"1098","UZB",2018,"Uzbekistan",32449578,116.464,3.589
"1099","UZB",2019,"Uzbekistan",32976946,118.798,3.602
"1100","UZB",2020,"Uzbekistan",33526662,118.24,3.527
"1101","VCT",2016,"Saint Vincent and the Grenadines",105971,0.242,2.282
"1102","VCT",2017,"Saint Vincent and the Grenadines",105568,0.216,2.048
"1103","VCT",2018,"Saint Vincent and the Grenadines",105297,0.242,2.297
"1104","VCT",2019,"Saint Vincent and the Grenadines",104940,0.227,2.165
"1105","VCT",2020,"Saint Vincent and the Grenadines",104644,0.194,1.853
"1106","VEN",2016,"Venezuela",30741464,152.385,4.957
"1107","VEN",2017,"Venezuela",30563430,140.385,4.593
"1108","VEN",2018,"Venezuela",29825652,102.672,3.442
"1109","VEN",2019,"Venezuela",28971686,89.111,3.076
"1110","VEN",2020,"Venezuela",28490458,76.467,2.684
"1111","VGB",2016,"British Virgin Islands",29763,0.213,7.14
"1112","VGB",2017,"British Virgin Islands",30084,0.169,5.602
"1113","VGB",2018,"British Virgin Islands",30359,0.161,5.31
"1114","VGB",2019,"British Virgin Islands",30631,0.169,5.502
"1115","VGB",2020,"British Virgin Islands",30934,0.144,4.652
"1116","VIR",2016,"United States Virgin Islands",102330,NA,NA
"1117","VIR",2017,"United States Virgin Islands",101860,NA,NA
"1118","VIR",2018,"United States Virgin Islands",101377,NA,NA
"1119","VIR",2019,"United States Virgin Islands",100837,NA,NA
"1120","VIR",2020,"United States Virgin Islands",100452,NA,NA
"1121","VNM",2016,"Vietnam",93126528,226.1,2.428
"1122","VNM",2017,"Vietnam",94033048,233.041,2.478
"1123","VNM",2018,"Vietnam",94914328,274.223,2.889
"1124","VNM",2019,"Vietnam",95776712,341.005,3.56
"1125","VNM",2020,"Vietnam",96648680,328.9,3.403
"1126","VUT",2016,"Vanuatu",283239,0.147,0.517
"1127","VUT",2017,"Vanuatu",290250,0.139,0.48
"1128","VUT",2018,"Vanuatu",297307,0.176,0.592
"1129","VUT",2019,"Vanuatu",304414,0.161,0.53
"1130","VUT",2020,"Vanuatu",311694,0.17,0.546
"1131","WLF",2016,"Wallis and Futuna",12086,0.026,2.122
"1132","WLF",2017,"Wallis and Futuna",11961,0.026,2.144
"1133","WLF",2018,"Wallis and Futuna",11840,0.026,2.166
"1134","WLF",2019,"Wallis and Futuna",11735,0.026,2.186
"1135","WLF",2020,"Wallis and Futuna",11679,0.027,2.318
"1136","WSM",2016,"Samoa",205559,0.238,1.159
"1137","WSM",2017,"Samoa",207642,0.245,1.182
"1138","WSM",2018,"Samoa",209715,0.238,1.136
"1139","WSM",2019,"Samoa",211915,0.271,1.279
"1140","WSM",2020,"Samoa",214934,0.286,1.331
"1141","YEM",2016,"Yemen",29274010,10.902,0.372
"1142","YEM",2017,"Yemen",30034386,10.589,0.353
"1143","YEM",2018,"Yemen",30790514,10.474,0.34
"1144","YEM",2019,"Yemen",31546694,12.684,0.402
"1145","YEM",2020,"Yemen",32284044,12.14,0.376
"1146","ZAF",2016,"South Africa",56422272,456.973,8.099
"1147","ZAF",2017,"South Africa",56641208,439.38,7.757
"1148","ZAF",2018,"South Africa",57339632,435.237,7.591
"1149","ZAF",2019,"South Africa",58087060,466.924,8.038
"1150","ZAF",2020,"South Africa",58801928,435.832,7.412
"1151","ZMB",2016,"Zambia",16767758,5.857,0.349
"1152","ZMB",2017,"Zambia",17298056,6.843,0.396
"1153","ZMB",2018,"Zambia",17835898,7.412,0.416
"1154","ZMB",2019,"Zambia",18380478,7.747,0.421
"1155","ZMB",2020,"Zambia",18927716,7.281,0.385
"1156","ZWE",2016,"Zimbabwe",14452705,10.533,0.729
"1157","ZWE",2017,"Zimbabwe",14751101,9.596,0.651
"1158","ZWE",2018,"Zimbabwe",15052191,11.795,0.784
"1159","ZWE",2019,"Zimbabwe",15354606,11.115,0.724
"1160","ZWE",2020,"Zimbabwe",15669663,10.608,0.677
"1161",NA,2016,"Africa",1232111820,1363.459,1.107
"1162",NA,2016,"Africa (GCP)",NA,1363.444,NA
"1163",NA,2016,"Asia",4502955714,19303.904,4.287
"1164",NA,2016,"Asia (GCP)",NA,16780.689,NA
"1165",NA,2016,"Asia (excl. China and India)",NA,7155.11,4.06
"1166",NA,2016,"Central America (GCP)",NA,180.581,NA
"1167",NA,2016,"Europe",744519366,5598.924,7.524
"1168",NA,2016,"Europe (GCP)",NA,5598.924,NA
"1169",NA,2016,"Europe (excl. EU-27)",NA,2499.178,8.303
"1170",NA,2016,"Europe (excl. EU-28)",NA,2099.748,8.923
"1171",NA,2016,"European Union (27)",NA,3099.746,6.994
"1172",NA,2016,"European Union (27) (GCP)",NA,3099.746,NA
"1173",NA,2016,"European Union (28)",NA,3499.176,6.877
"1174",NA,2016,"High-income countries",1196437875,13287.066,11.113
"1175",NA,2016,"International transport",NA,1170.781,NA
"1176",NA,2016,"Kosovo",1750724,8.856,5.058
"1177",NA,2016,"Low-income countries",609614594,154.929,0.254
"1178",NA,2016,"Lower-middle-income countries",3190920278,5461.015,1.711
"1179",NA,2016,"Middle East (GCP)",NA,2530.027,NA
"1180",NA,2016,"Non-OECD (GCP)",NA,21806.699,NA
"1181",NA,2016,"North America",576008328,6473.23,11.248
"1182",NA,2016,"North America (GCP)",NA,6292.664,NA
"1183",NA,2016,"North America (excl. USA)",NA,1221.473,4.92
"1184",NA,2016,"OECD (GCP)",NA,12546.714,NA
"1185",NA,2016,"Oceania",41101240,461.105,11.288
"1186",NA,2016,"Oceania (GCP)",NA,454.294,NA
"1187",NA,2016,"South America",417101806,1152.788,2.764
"1188",NA,2016,"South America (GCP)",NA,1152.788,NA
"1189",NA,2016,"Upper-middle-income countries",2482967003,15287.408,6.157
"1190",NA,2016,"World",7513474048,35524.191,4.728
"1191",NA,2017,"Africa",1263333997,1379.49,1.092
"1192",NA,2017,"Africa (GCP)",NA,1379.479,NA
"1193",NA,2017,"Asia",4547095064,19839.646,4.363
"1194",NA,2017,"Asia (GCP)",NA,17204.828,NA
"1195",NA,2017,"Asia (excl. China and India)",NA,7393.669,4.148
"1196",NA,2017,"Central America (GCP)",NA,177.061,NA
"1197",NA,2017,"Europe",745660845,5630.62,7.555
"1198",NA,2017,"Europe (GCP)",NA,5630.62,NA
"1199",NA,2017,"Europe (excl. EU-27)",NA,2507.393,8.315
"1200",NA,2017,"Europe (excl. EU-28)",NA,2120.025,9.002
"1201",NA,2017,"European Union (27)",NA,3123.227,7.038
"1202",NA,2017,"European Union (27) (GCP)",NA,3123.227,NA
"1203",NA,2017,"European Union (28)",NA,3510.594,6.886
"1204",NA,2017,"High-income countries",1202872536,13285.368,11.052
"1205",NA,2017,"International transport",NA,1230.507,NA
"1206",NA,2017,"Kosovo",1731670,8.094,4.674
"1207",NA,2017,"Low-income countries",626187698,188.654,0.301
"1208",NA,2017,"Lower-middle-income countries",3236754793,5655.321,1.747
"1209",NA,2017,"Middle East (GCP)",NA,2641.287,NA
"1210",NA,2017,"Non-OECD (GCP)",NA,22331.613,NA
"1211",NA,2017,"North America",581258143,6425.781,11.065
"1212",NA,2017,"North America (GCP)",NA,6248.731,NA
"1213",NA,2017,"North America (excl. USA)",NA,1214.824,4.841
"1214",NA,2017,"OECD (GCP)",NA,12534.619,NA
"1215",NA,2017,"Oceania",41817267,465.584,11.201
"1216",NA,2017,"Oceania (GCP)",NA,459.114,NA
"1217",NA,2017,"South America",420982650,1125.113,2.673
"1218",NA,2017,"South America (GCP)",NA,1125.113,NA
"1219",NA,2017,"Upper-middle-income countries",2500616723,15586.028,6.233
"1220",NA,2017,"World",7599822336,36096.738,4.75
"1221",NA,2018,"Africa",1295265310,1366.411,1.055
"1222",NA,2018,"Africa (GCP)",NA,1366.4,NA
"1223",NA,2018,"Asia",4588802751,20437.713,4.454
"1224",NA,2018,"Asia (GCP)",NA,17819.188,NA
"1225",NA,2018,"Asia (excl. China and India)",NA,7483.39,4.151
"1226",NA,2018,"Central America (GCP)",NA,177.674,NA
"1227",NA,2018,"Europe",746578519,5603.844,7.51
"1228",NA,2018,"Europe (GCP)",NA,5603.844,NA
"1229",NA,2018,"Europe (excl. EU-27)",NA,2554.645,8.462
"1230",NA,2018,"Europe (excl. EU-28)",NA,2174.916,9.237
"1231",NA,2018,"European Union (27)",NA,3049.199,6.862
"1232",NA,2018,"European Union (27) (GCP)",NA,3049.199,NA
"1233",NA,2018,"European Union (28)",NA,3428.928,6.713
"1234",NA,2018,"High-income countries",1209044728,13344.73,11.044
"1235",NA,2018,"International transport",NA,1270.691,NA
"1236",NA,2018,"Kosovo",1709966,8.149,4.765
"1237",NA,2018,"Low-income countries",643420791,183.89,0.286
"1238",NA,2018,"Lower-middle-income countries",3281847839,5949.403,1.813
"1239",NA,2018,"Middle East (GCP)",NA,2626.05,NA
"1240",NA,2018,"Non-OECD (GCP)",NA,22945.1,NA
"1241",NA,2018,"North America",585864285,6614.565,11.294
"1242",NA,2018,"North America (GCP)",NA,6436.902,NA
"1243",NA,2018,"North America (excl. USA)",NA,1237.907,4.883
"1244",NA,2018,"OECD (GCP)",NA,12610.717,NA
"1245",NA,2018,"Oceania",42540030,468.674,11.083
"1246",NA,2018,"Oceania (GCP)",NA,461.152,NA
"1247",NA,2018,"South America",424740741,1064.608,2.507
"1248",NA,2018,"South America (GCP)",NA,1064.608,NA
"1249",NA,2018,"Upper-middle-income countries",2516785800,15964.71,6.343
"1250",NA,2018,"World",7683789824,36826.508,4.793
"1251",NA,2019,"Africa",1327701380,1467.492,1.106
"1252",NA,2019,"Africa (GCP)",NA,1467.477,NA
"1253",NA,2019,"Asia",4627738749,20894.498,4.515
"1254",NA,2019,"Asia (GCP)",NA,18275.27,NA
"1255",NA,2019,"Asia (excl. China and India)",NA,7527.042,4.129
"1256",NA,2019,"Central America (GCP)",NA,184.195,NA
"1257",NA,2019,"Europe",747419066,5426.624,7.264
"1258",NA,2019,"Europe (GCP)",NA,5426.624,NA
"1259",NA,2019,"Europe (excl. EU-27)",NA,2520.207,8.344
"1260",NA,2019,"Europe (excl. EU-28)",NA,2155.454,9.162
"1261",NA,2019,"European Union (27)",NA,2906.417,6.531
"1262",NA,2019,"European Union (27) (GCP)",NA,2906.417,NA
"1263",NA,2019,"European Union (28)",NA,3271.17,6.391
"1264",NA,2019,"High-income countries",1214846354,13037.92,10.739
"1265",NA,2019,"International transport",NA,1249.558,NA
"1266",NA,2019,"Kosovo",1686856,8.497,5.037
"1267",NA,2019,"Low-income countries",661633048,195.217,0.295
"1268",NA,2019,"Lower-middle-income countries",3326051409,6161.634,1.853
"1269",NA,2019,"Middle East (GCP)",NA,2627.109,NA
"1270",NA,2019,"Non-OECD (GCP)",NA,23572.504,NA
"1271",NA,2019,"North America",590497015,6500.85,11.013
"1272",NA,2019,"North America (GCP)",NA,6316.669,NA
"1273",NA,2019,"North America (excl. USA)",NA,1241.706,4.851
"1274",NA,2019,"OECD (GCP)",NA,12260.497,NA
"1275",NA,2019,"Oceania",43278474,470.359,10.931
"1276",NA,2019,"Oceania (GCP)",NA,462.48,NA
"1277",NA,2019,"South America",428318218,1073.178,2.506
"1278",NA,2019,"South America (GCP)",NA,1073.178,NA
"1279",NA,2019,"Upper-middle-income countries",2530546049,16338.438,6.457
"1280",NA,2019,"World",7764951040,37082.559,4.776
"1281",NA,2020,"Africa",1360677453,1385.889,1.019
"1282",NA,2020,"Africa (GCP)",NA,1385.877,NA
"1283",NA,2020,"Asia",4663086623,20689.746,4.437
"1284",NA,2020,"Asia (GCP)",NA,18072.385,NA
"1285",NA,2020,"Asia (excl. China and India)",NA,7288.521,3.957
"1286",NA,2020,"Central America (GCP)",NA,162.814,NA
"1287",NA,2020,"Europe",747463478,5010.947,6.707
"1288",NA,2020,"Europe (GCP)",NA,5010.947,NA
"1289",NA,2020,"Europe (excl. EU-27)",NA,2389.15,7.916
"1290",NA,2020,"Europe (excl. EU-28)",NA,2062.887,8.787
"1291",NA,2020,"European Union (27)",NA,2621.796,5.888
"1292",NA,2020,"European Union (27) (GCP)",NA,2621.796,NA
"1293",NA,2020,"European Union (28)",NA,2948.06,5.754
"1294",NA,2020,"High-income countries",1218093003,11938.873,9.807
"1295",NA,2020,"International transport",NA,938.509,NA
"1296",NA,2020,"Kosovo",1670702,8.522,5.101
"1297",NA,2020,"Low-income countries",680258922,191.594,0.282
"1298",NA,2020,"Lower-middle-income countries",3369707355,5889.132,1.748
"1299",NA,2020,"Middle East (GCP)",NA,2625.687,NA
"1300",NA,2020,"Non-OECD (GCP)",NA,23187.471,NA
"1301",NA,2020,"North America",594263186,5805.619,9.773
"1302",NA,2020,"North America (GCP)",NA,5642.818,NA
"1303",NA,2020,"North America (excl. USA)",NA,1089.928,4.223
"1304",NA,2020,"OECD (GCP)",NA,11138.106,NA
"1305",NA,2020,"Oceania",43933757,452.186,10.351
"1306",NA,2020,"Oceania (GCP)",NA,443.861,NA
"1307",NA,2020,"South America",431530105,981.19,2.274
"1308",NA,2020,"South America (GCP)",NA,981.19,NA
"1309",NA,2020,"Upper-middle-income countries",2541463877,16219.841,6.382
"1310",NA,2020,"World",7840952832,35264.086,4.497
